"tax","id","municipio","departamento"
"Serpocaulon adnatum",1,"San Agustín","Huila"
"Serpocaulon adnatum",2,"San Miguel de Mocoa","Putumayo"
"Serpocaulon adnatum",3,"San Miguel de Mocoa","Putumayo"
"Serpocaulon adnatum",5,"Santiago de Cali","Valle del Cauca"
"Serpocaulon adnatum",7,"Cubará","Boyacá"
"Serpocaulon adnatum",8,"La Vega","Cundinamarca"
"Serpocaulon adnatum",11,"Silvania","Cundinamarca"
"Serpocaulon adnatum",13,"Briceño","Boyacá"
"Serpocaulon adnatum",14,"El Cairo","Valle del Cauca"
"Serpocaulon adnatum",15,"Barbacoas","Nariño"
"Serpocaulon adnatum",16,"Santa Isabel","Tolima"
"Serpocaulon adnatum",17,"Pitalito","Huila"
"Serpocaulon adnatum",18,"Argelia","Valle del Cauca"
"Serpocaulon adnatum",19,"Argelia","Valle del Cauca"
"Serpocaulon adnatum",20,"Tuluá","Valle del Cauca"
"Serpocaulon adnatum",21,"Manizales","Caldas"
"Serpocaulon adnatum",22,"Córdoba","Quindío"
"Serpocaulon adnatum",23,"San Vicente del Caguán","Caquetá"
"Serpocaulon adnatum",24,"San Vicente del Caguán","Caquetá"
"Serpocaulon adnatum",25,"San Vicente del Caguán","Caquetá"
"Serpocaulon adnatum",26,"Albán","Cundinamarca"
"Serpocaulon adnatum",27,"Albán","Cundinamarca"
"Serpocaulon adnatum",28,"Albán","Cundinamarca"
"Serpocaulon adnatum",29,"Floridablanca","Santander"
"Serpocaulon adnatum",30,"Neira","Caldas"
"Serpocaulon adnatum",31,"Pitalito","Huila"
"Serpocaulon adnatum",32,"La Argentina","Huila"
"Serpocaulon adnatum",33,"La Argentina","Huila"
"Serpocaulon adnatum",34,"La Argentina","Huila"
"Serpocaulon adnatum",35,"La Argentina","Huila"
"Serpocaulon adnatum",36,"El Tambo","Cauca"
"Serpocaulon adnatum",37,"Isnos","Huila"
"Serpocaulon adnatum",38,"Villamaría","Caldas"
"Serpocaulon adnatum",39,"Filandia","Quindío"
"Serpocaulon adnatum",40,"Pitalito","Huila"
"Serpocaulon adnatum",41,"San Agustín","Huila"
"Serpocaulon adnatum",42,"San Agustín","Huila"
"Serpocaulon adnatum",43,"Ibagué","Tolima"
"Serpocaulon adnatum",44,"Pereira","Risaralda"
"Serpocaulon adnatum",45,"Santuario","Risaralda"
"Serpocaulon adnatum",46,"Sipí","Chocó"
"Serpocaulon adnatum",47,"La Mesa","Cundinamarca"
"Serpocaulon adnatum",48,"Argelia","Valle del Cauca"
"Serpocaulon adnatum",49,"La Ceja","Antioquia"
"Serpocaulon adnatum",50,"Florencia","Caquetá"
"Serpocaulon adnatum",51,"Medellín","Antioquia"
"Serpocaulon adnatum",52,"Medellín","Antioquia"
"Serpocaulon adnatum",53,"Medellín","Antioquia"
"Serpocaulon adnatum",54,"San Francisco","Putumayo"
"Serpocaulon adnatum",55,"Totoró","Cauca"
"Serpocaulon adnatum",56,"Totoró","Cauca"
"Serpocaulon adnatum",57,"Rionegro","Antioquia"
"Serpocaulon adnatum",58,"Rionegro","Antioquia"
"Serpocaulon adnatum",59,"Rionegro","Antioquia"
"Serpocaulon adnatum",60,"Rionegro","Antioquia"
"Serpocaulon adnatum",62,"Pácora","Caldas"
"Serpocaulon adnatum",63,"Pácora","Caldas"
"Serpocaulon adnatum",64,"Santuario","Risaralda"
"Serpocaulon adnatum",65,"Santuario","Risaralda"
"Serpocaulon adnatum",66,"Caldas","Antioquia"
"Serpocaulon adnatum",67,"Guarné","Antioquia"
"Serpocaulon adnatum",68,"Caldas","Antioquia"
"Serpocaulon adnatum",69,"Manizales","Caldas"
"Serpocaulon adnatum",70,"Manizales","Caldas"
"Serpocaulon adnatum",71,"Manizales","Caldas"
"Serpocaulon adnatum",72,"Manizales","Caldas"
"Serpocaulon adnatum",73,"Manizales","Caldas"
"Serpocaulon adnatum",74,"Caldas","Antioquia"
"Serpocaulon adnatum",75,"Manizales","Caldas"
"Serpocaulon adnatum",76,"Chinchiná","Caldas"
"Serpocaulon adnatum",77,"La Unión","Antioquia"
"Serpocaulon adnatum",78,"Jardín","Antioquia"
"Serpocaulon adnatum",79,"Salgar","Antioquia"
"Serpocaulon adnatum",80,"Ricaurte","Nariño"
"Serpocaulon adnatum",81,"Ricaurte","Nariño"
"Serpocaulon adnatum",82,"Ricaurte","Nariño"
"Serpocaulon adnatum",83,"Ricaurte","Nariño"
"Serpocaulon adnatum",84,"Pereira","Risaralda"
"Serpocaulon adnatum",85,"Ricaurte","Nariño"
"Serpocaulon adnatum",86,"Colombia","Huila"
"Serpocaulon adnatum",87,"Popayán","Cauca"
"Serpocaulon adnatum",88,"Mistrató","Risaralda"
"Serpocaulon adnatum",89,"Yarumal","Antioquia"
"Serpocaulon adnatum",90,"Rivera","Huila"
"Serpocaulon adnatum",91,"Rivera","Huila"
"Serpocaulon adnatum",92,"Copacabana","Antioquia"
"Serpocaulon adnatum",93,"Copacabana","Antioquia"
"Serpocaulon adnatum",94,"Popayán","Cauca"
"Serpocaulon adnatum",95,"Popayán","Cauca"
"Serpocaulon adnatum",96,"Totoró","Cauca"
"Serpocaulon adnatum",97,"Salento","Quindío"
"Serpocaulon adnatum",98,"Medellín","Antioquia"
"Serpocaulon adnatum",99,"Popayán","Cauca"
"Serpocaulon adnatum",100,"Popayán","Cauca"
"Serpocaulon adnatum",101,"Pereira","Risaralda"
"Serpocaulon adnatum",102,"Medellín","Antioquia"
"Serpocaulon adnatum",103,"Medellín","Antioquia"
"Serpocaulon adnatum",104,"Popayán","Cauca"
"Serpocaulon adnatum",105,"Manizales","Caldas"
"Serpocaulon adnatum",106,"Ibagué","Tolima"
"Serpocaulon adnatum",107,"Santa Rosa de Osos","Antioquia"
"Serpocaulon adnatum",108,"Santa Rosa de Osos","Antioquia"
"Serpocaulon adnatum",109,"Liborina","Antioquia"
"Serpocaulon adnatum",110,"El Sopetrán","Antioquia"
"Serpocaulon adnatum",111,"El Sopetrán","Antioquia"
"Serpocaulon adnatum",112,"Manizales","Caldas"
"Serpocaulon adnatum",113,"Bolívar","Cauca"
"Serpocaulon adnatum",114,"Murillo","Tolima"
"Serpocaulon adnatum",115,"Bolívar","Cauca"
"Serpocaulon adnatum",116,"Medellín","Antioquia"
"Serpocaulon adnatum",117,"Villamaría","Caldas"
"Serpocaulon adnatum",118,"Neira","Caldas"
"Serpocaulon adnatum",119,"Neira","Caldas"
"Serpocaulon adnatum",120,"Santa Rosa","Cauca"
"Serpocaulon adnatum",121,"Pereira","Risaralda"
"Serpocaulon adnatum",122,"Pereira","Risaralda"
"Serpocaulon adnatum",123,"Fredonia","Antioquia"
"Serpocaulon adnatum",124,"Santa Rosa","Cauca"
"Serpocaulon adnatum",125,"Jardín","Antioquia"
"Serpocaulon adnatum",126,"Riosucio","Caldas"
"Serpocaulon adnatum",127,"Manizales","Caldas"
"Serpocaulon adnatum",128,"Manizales","Caldas"
"Serpocaulon adnatum",130,"Neira","Caldas"
"Serpocaulon adnatum",131,"Filandia","Quindío"
"Serpocaulon adnatum",132,"Villamaría","Caldas"
"Serpocaulon adnatum",133,"Ricaurte","Nariño"
"Serpocaulon adnatum",135,"Villamaría","Caldas"
"Serpocaulon adnatum",136,"Villamaría","Caldas"
"Serpocaulon adnatum",137,"Pensilvania","Caldas"
"Serpocaulon adnatum",138,"Filandia","Quindío"
"Serpocaulon adnatum",139,"Filandia","Quindío"
"Serpocaulon adnatum",140,"Filandia","Quindío"
"Serpocaulon adnatum",141,"Salento","Quindío"
"Serpocaulon adnatum",142,"Salento","Quindío"
"Serpocaulon adnatum",143,"Pereira","Risaralda"
"Serpocaulon adnatum",144,"Risaralda","Caldas"
"Serpocaulon antioquianum",145,"Anorí","Antioquia"
"Serpocaulon antioquianum",146,"San Luís","Antioquia"
"Serpocaulon antioquianum",147,"San Luís","Antioquia"
"Serpocaulon antioquianum",148,"San Luís","Antioquia"
"Serpocaulon antioquianum",149,"Anorí","Antioquia"
"Serpocaulon antioquianum",150,"Anorí","Antioquia"
"Serpocaulon antioquianum",151,"Anorí","Antioquia"
"Serpocaulon antioquianum",152,"Anorí","Antioquia"
"Serpocaulon antioquianum",153,"Anorí","Antioquia"
"Serpocaulon antioquianum",154,"Anorí","Antioquia"
"Serpocaulon antioquianum",155,"San Francisco","Antioquia"
"Serpocaulon articulatum",156,"Solano","Caquetá"
"Serpocaulon articulatum",157,"Santa Marta","Magdalena"
"Serpocaulon articulatum",158,"Santa Marta","Magdalena"
"Serpocaulon articulatum",159,"Cubará","Boyacá"
"Serpocaulon articulatum",160,"Sasaima","Cundinamarca"
"Serpocaulon articulatum",161,"Buenaventura","Valle del Cauca"
"Serpocaulon articulatum",163,"Acevedo","Huila"
"Serpocaulon articulatum",164,"Medina","Cundinamarca"
"Serpocaulon articulatum",165,"Dagua","Valle del Cauca"
"Serpocaulon articulatum",166,"Frontino","Antioquia"
"Serpocaulon articulatum",167,"Piamonte","Cauca"
"Serpocaulon articulatum",168,"San José del Palmar","Chocó"
"Serpocaulon articulatum",169,"Bahía Solano","Chocó"
"Serpocaulon articulatum",170,"La Uribe","Meta"
"Serpocaulon attenuatum",171,"La Macarena","Meta"
"Serpocaulon attenuatum",172,"La Macarena","Meta"
"Serpocaulon biauriculatum",173,"El Carmen de Chucurí","Santander"
"Serpocaulon biauriculatum",174,"El Carmen de Chucurí","Santander"
"Serpocaulon biauriculatum",175,"San Vicente de Chucurí","Santander"
"Serpocaulon concolorum",176,"Ipiales","Nariño"
"Serpocaulon concolorum",177,"Sipí","Chocó"
"Serpocaulon concolorum",178,"Sipí","Chocó"
"Serpocaulon concolorum",179,"Ricaurte","Nariño"
"Serpocaulon concolorum",180,"Ricaurte","Nariño"
"Serpocaulon dissimile",181,"Don Matías","Antioquia"
"Serpocaulon dissimile",182,"Don Matías","Antioquia"
"Serpocaulon dissimile",183,"Cocorná","Antioquia"
"Serpocaulon dissimile",185,"Frontino","Antioquia"
"Serpocaulon dissimile",187,"Frontino","Antioquia"
"Serpocaulon dissimile",188,"Norcasia","Caldas"
"Serpocaulon dissimile",189,"Risaralda","Caldas"
"Serpocaulon dissimile",190,"Santa Rosa","Cauca"
"Serpocaulon dissimile",191,"El Tambo","Cauca"
"Serpocaulon dissimile",192,"San José del Palmar","Chocó"
"Serpocaulon dissimile",193,"San José del Palmar","Chocó"
"Serpocaulon dissimile",194,"San José del Palmar","Chocó"
"Serpocaulon dissimile",195,"Buenaventura","Valle del Cauca"
"Serpocaulon dissimile",196,"Sasaima","Cundinamarca"
"Serpocaulon dissimile",197,"Sasaima","Cundinamarca"
"Serpocaulon dissimile",198,"Sasaima","Cundinamarca"
"Serpocaulon dissimile",199,"Ubalá","Cundinamarca"
"Serpocaulon dissimile",200,"Pitalito","Huila"
"Serpocaulon dissimile",201,"Acevedo","Huila"
"Serpocaulon dissimile",202,"Colombia","Huila"
"Serpocaulon dissimile",203,"Colombia","Huila"
"Serpocaulon dissimile",205,"Ricaurte","Nariño"
"Serpocaulon dissimile",206,"Salento","Quindío"
"Serpocaulon dissimile",207,"Buenaventura","Valle del Cauca"
"Serpocaulon eleutherophlebium",208,"Urrao","Antioquia"
"Serpocaulon eleutherophlebium",209,"Urrao","Antioquia"
"Serpocaulon eleutherophlebium",210,"Belmira","Antioquia"
"Serpocaulon eleutherophlebium",211,"Belmira","Antioquia"
"Serpocaulon eleutherophlebium",213,"San José de la Montaña","Antioquia"
"Serpocaulon eleutherophlebium",214,"San José de la Montaña","Antioquia"
"Serpocaulon eleutherophlebium",215,"Villamaría","Caldas"
"Serpocaulon eleutherophlebium",216,"Villamaría","Caldas"
"Serpocaulon eleutherophlebium",217,"Villamaría","Caldas"
"Serpocaulon eleutherophlebium",218,"Villamaría","Caldas"
"Serpocaulon eleutherophlebium",219,"Villamaría","Caldas"
"Serpocaulon eleutherophlebium",221,"Villamaría","Caldas"
"Serpocaulon eleutherophlebium",222,"Manizales","Caldas"
"Serpocaulon eleutherophlebium",223,"Villamaría","Caldas"
"Serpocaulon eleutherophlebium",224,"Villamaría","Caldas"
"Serpocaulon eleutherophlebium",225,"Villamaría","Caldas"
"Serpocaulon eleutherophlebium",226,"Salamina","Caldas"
"Serpocaulon eleutherophlebium",227,"Manizales","Caldas"
"Serpocaulon eleutherophlebium",228,"Salamina","Caldas"
"Serpocaulon eleutherophlebium",229,"Villamaría","Caldas"
"Serpocaulon eleutherophlebium",230,"Villamaría","Caldas"
"Serpocaulon eleutherophlebium",232,"Puracé","Cauca"
"Serpocaulon eleutherophlebium",233,"San Sebastián","Cauca"
"Serpocaulon eleutherophlebium",234,"Páez","Cauca"
"Serpocaulon eleutherophlebium",235,"Puracé","Cauca"
"Serpocaulon eleutherophlebium",237,"Puracé","Cauca"
"Serpocaulon eleutherophlebium",238,"Totoró","Cauca"
"Serpocaulon eleutherophlebium",239,"Popayán","Cauca"
"Serpocaulon eleutherophlebium",240,"Bolívar","Cauca"
"Serpocaulon eleutherophlebium",241,"Puracé","Cauca"
"Serpocaulon eleutherophlebium",243,"Tausa","Cundinamarca"
"Serpocaulon eleutherophlebium",244,"Guasca","Cundinamarca"
"Serpocaulon eleutherophlebium",245,"Fómeque","Cundinamarca"
"Serpocaulon eleutherophlebium",246,"Choachí","Cundinamarca"
"Serpocaulon eleutherophlebium",247,"Bogotá D.C.","Bogotá D.C."
"Serpocaulon eleutherophlebium",248,"Bogotá D.C.","Bogotá D.C."
"Serpocaulon eleutherophlebium",249,"Tausa","Cundinamarca"
"Serpocaulon eleutherophlebium",250,"San Agustín","Huila"
"Serpocaulon eleutherophlebium",251,"San Juan de Pasto","Nariño"
"Serpocaulon eleutherophlebium",252,"Samaniego","Nariño"
"Serpocaulon eleutherophlebium",253,"San Juan de Pasto","Nariño"
"Serpocaulon eleutherophlebium",254,"San Juan de Pasto","Nariño"
"Serpocaulon eleutherophlebium",255,"San Juan de Pasto","Nariño"
"Serpocaulon eleutherophlebium",256,"San Juan de Pasto","Nariño"
"Serpocaulon eleutherophlebium",257,"San Juan de Pasto","Nariño"
"Serpocaulon eleutherophlebium",258,"San Juan de Pasto","Nariño"
"Serpocaulon eleutherophlebium",259,"San Juan de Pasto","Nariño"
"Serpocaulon eleutherophlebium",260,"Toledo","Norte de Santander"
"Serpocaulon eleutherophlebium",261,"Santiago","Putumayo"
"Serpocaulon eleutherophlebium",262,"Salento","Quindío"
"Serpocaulon eleutherophlebium",263,"Salento","Quindío"
"Serpocaulon eleutherophlebium",264,"Salento","Quindío"
"Serpocaulon eleutherophlebium",265,"Salento","Quindío"
"Serpocaulon eleutherophlebium",266,"Santa Rosa de Cabal","Risaralda"
"Serpocaulon eleutherophlebium",268,"Apía","Risaralda"
"Serpocaulon eleutherophlebium",269,"Santa Rosa de Cabal","Risaralda"
"Serpocaulon eleutherophlebium",270,"Santuario","Risaralda"
"Serpocaulon eleutherophlebium",271,"Santuario","Risaralda"
"Serpocaulon eleutherophlebium",272,"Santuario","Risaralda"
"Serpocaulon eleutherophlebium",273,"Onzaga","Santander"
"Serpocaulon eleutherophlebium",274,"Santa Isabel","Tolima"
"Serpocaulon eleutherophlebium",275,"Santa Isabel","Tolima"
"Serpocaulon eleutherophlebium",276,"Santa Isabel","Tolima"
"Serpocaulon eleutherophlebium",277,"Murillo","Tolima"
"Serpocaulon eleutherophlebium",278,"Murillo","Tolima"
"Serpocaulon eleutherophlebium",279,"Ibagué","Tolima"
"Serpocaulon eleutherophlebium",280,"Ibagué","Tolima"
"Serpocaulon eleutherophlebium",281,"Cajamarca","Tolima"
"Serpocaulon fraxinifolium",282,"Medellín","Antioquia"
"Serpocaulon fraxinifolium",283,"Copacabana","Antioquia"
"Serpocaulon fraxinifolium",285,"Nariño","Antioquia"
"Serpocaulon fraxinifolium",286,"Guatapé","Antioquia"
"Serpocaulon fraxinifolium",287,"Guarné","Antioquia"
"Serpocaulon fraxinifolium",288,"Caldas","Antioquia"
"Serpocaulon fraxinifolium",289,"Caldas","Antioquia"
"Serpocaulon fraxinifolium",290,"Caldas","Antioquia"
"Serpocaulon fraxinifolium",291,"Caldas","Antioquia"
"Serpocaulon fraxinifolium",292,"Caldas","Antioquia"
"Serpocaulon fraxinifolium",294,"Bello","Antioquia"
"Serpocaulon fraxinifolium",295,"Guatapé","Antioquia"
"Serpocaulon fraxinifolium",296,"Guatapé","Antioquia"
"Serpocaulon fraxinifolium",297,"Guatapé","Antioquia"
"Serpocaulon fraxinifolium",298,"Frontino","Antioquia"
"Serpocaulon fraxinifolium",299,"Medellín","Antioquia"
"Serpocaulon fraxinifolium",300,"El Carmen de Viboral","Antioquia"
"Serpocaulon fraxinifolium",302,"Guatapé","Antioquia"
"Serpocaulon fraxinifolium",303,"Guatapé","Antioquia"
"Serpocaulon fraxinifolium",305,"Sonsón","Antioquia"
"Serpocaulon fraxinifolium",309,"Riosucio","Caldas"
"Serpocaulon fraxinifolium",311,"Jardín","Antioquia"
"Serpocaulon fraxinifolium",312,"Entrerríos","Antioquia"
"Serpocaulon fraxinifolium",314,"Campamento","Antioquia"
"Serpocaulon fraxinifolium",315,"Guatapé","Antioquia"
"Serpocaulon fraxinifolium",316,"Guatapé","Antioquia"
"Serpocaulon fraxinifolium",317,"Guatapé","Antioquia"
"Serpocaulon fraxinifolium",318,"Guatapé","Antioquia"
"Serpocaulon fraxinifolium",319,"Guatapé","Antioquia"
"Serpocaulon fraxinifolium",320,"Guatapé","Antioquia"
"Serpocaulon fraxinifolium",321,"Guatapé","Antioquia"
"Serpocaulon fraxinifolium",322,"Guatapé","Antioquia"
"Serpocaulon fraxinifolium",323,"Guatapé","Antioquia"
"Serpocaulon fraxinifolium",324,"San Francisco","Antioquia"
"Serpocaulon fraxinifolium",325,"Guarné","Antioquia"
"Serpocaulon fraxinifolium",326,"Guarné","Antioquia"
"Serpocaulon fraxinifolium",327,"Medellín","Antioquia"
"Serpocaulon fraxinifolium",328,"Caldas","Antioquia"
"Serpocaulon fraxinifolium",329,"Envigado","Antioquia"
"Serpocaulon fraxinifolium",330,"Caldas","Antioquia"
"Serpocaulon fraxinifolium",331,"Medellín","Antioquia"
"Serpocaulon fraxinifolium",332,"Abejorral","Antioquia"
"Serpocaulon fraxinifolium",333,"Medellín","Antioquia"
"Serpocaulon fraxinifolium",334,"Medellín","Antioquia"
"Serpocaulon fraxinifolium",336,"Medellín","Antioquia"
"Serpocaulon fraxinifolium",337,"Belmira","Antioquia"
"Serpocaulon fraxinifolium",338,"Belmira","Antioquia"
"Serpocaulon fraxinifolium",339,"Belmira","Antioquia"
"Serpocaulon fraxinifolium",340,"San José de la Montaña","Antioquia"
"Serpocaulon fraxinifolium",341,"San José de la Montaña","Antioquia"
"Serpocaulon fraxinifolium",342,"San José de la Montaña","Antioquia"
"Serpocaulon fraxinifolium",343,"Liborina","Antioquia"
"Serpocaulon fraxinifolium",344,"Liborina","Antioquia"
"Serpocaulon fraxinifolium",345,"Liborina","Antioquia"
"Serpocaulon fraxinifolium",346,"Medellín","Antioquia"
"Serpocaulon fraxinifolium",347,"Fredonia","Antioquia"
"Serpocaulon fraxinifolium",348,"Medellín","Antioquia"
"Serpocaulon fraxinifolium",349,"Anorí","Antioquia"
"Serpocaulon fraxinifolium",350,"Anorí","Antioquia"
"Serpocaulon fraxinifolium",351,"Fredonia","Antioquia"
"Serpocaulon fraxinifolium",352,"Andes","Antioquia"
"Serpocaulon fraxinifolium",353,"Angelópolis","Antioquia"
"Serpocaulon fraxinifolium",354,"Angelópolis","Antioquia"
"Serpocaulon fraxinifolium",355,"Angelópolis","Antioquia"
"Serpocaulon fraxinifolium",356,"Medellín","Antioquia"
"Serpocaulon fraxinifolium",357,"Medellín","Antioquia"
"Serpocaulon fraxinifolium",358,"Frontino","Antioquia"
"Serpocaulon fraxinifolium",359,"Frontino","Antioquia"
"Serpocaulon fraxinifolium",360,"Medellín","Antioquia"
"Serpocaulon fraxinifolium",361,"Villa de Leyva","Boyacá"
"Serpocaulon fraxinifolium",364,"Pensilvania","Caldas"
"Serpocaulon fraxinifolium",365,"Samaná","Caldas"
"Serpocaulon fraxinifolium",366,"Samaná","Caldas"
"Serpocaulon fraxinifolium",367,"Manizales","Caldas"
"Serpocaulon fraxinifolium",368,"Villamaría","Caldas"
"Serpocaulon fraxinifolium",369,"Riosucio","Caldas"
"Serpocaulon fraxinifolium",370,"Risaralda","Caldas"
"Serpocaulon fraxinifolium",371,"Samaná","Caldas"
"Serpocaulon fraxinifolium",372,"Villamaría","Caldas"
"Serpocaulon fraxinifolium",373,"Salamina","Caldas"
"Serpocaulon fraxinifolium",374,"Salamina","Caldas"
"Serpocaulon fraxinifolium",375,"El Tambo","Cauca"
"Serpocaulon fraxinifolium",376,"El Tambo","Cauca"
"Serpocaulon fraxinifolium",377,"Caldonó","Cauca"
"Serpocaulon fraxinifolium",378,"Santa Rosa","Cauca"
"Serpocaulon fraxinifolium",379,"Santa Rosa","Cauca"
"Serpocaulon fraxinifolium",380,"Santa Rosa","Cauca"
"Serpocaulon fraxinifolium",381,"El Tambo","Cauca"
"Serpocaulon fraxinifolium",382,"Popayán","Cauca"
"Serpocaulon fraxinifolium",383,"El Tambo","Cauca"
"Serpocaulon fraxinifolium",384,"El Tambo","Cauca"
"Serpocaulon fraxinifolium",385,"Santa Rosa","Cauca"
"Serpocaulon fraxinifolium",386,"El Tambo","Cauca"
"Serpocaulon fraxinifolium",387,"Manaure","Cesar"
"Serpocaulon fraxinifolium",388,"San José del Palmar","Chocó"
"Serpocaulon fraxinifolium",389,"Medio San Juan","Chocó"
"Serpocaulon fraxinifolium",390,"Ciudad Bolívar","Antioquia"
"Serpocaulon fraxinifolium",391,"Silvania","Cundinamarca"
"Serpocaulon fraxinifolium",392,"Fusagasugá","Cundinamarca"
"Serpocaulon fraxinifolium",393,"Soacha","Cundinamarca"
"Serpocaulon fraxinifolium",394,"San Antonio del Tequendama","Cundinamarca"
"Serpocaulon fraxinifolium",395,"Guasca","Cundinamarca"
"Serpocaulon fraxinifolium",396,"Silvania","Cundinamarca"
"Serpocaulon fraxinifolium",397,"La Mesa","Cundinamarca"
"Serpocaulon fraxinifolium",398,"La Mesa","Cundinamarca"
"Serpocaulon fraxinifolium",399,"Albán","Cundinamarca"
"Serpocaulon fraxinifolium",400,"San Agustín","Huila"
"Serpocaulon fraxinifolium",401,"La Plata","Huila"
"Serpocaulon fraxinifolium",402,"La Plata","Huila"
"Serpocaulon fraxinifolium",403,"La Plata","Huila"
"Serpocaulon fraxinifolium",405,"La Plata","Huila"
"Serpocaulon fraxinifolium",406,"Acevedo","Huila"
"Serpocaulon fraxinifolium",407,"Algeciras","Huila"
"Serpocaulon fraxinifolium",408,"Colombia","Huila"
"Serpocaulon fraxinifolium",409,"Algeciras","Huila"
"Serpocaulon fraxinifolium",411,"Algeciras","Huila"
"Serpocaulon fraxinifolium",412,"San Agustín","Huila"
"Serpocaulon fraxinifolium",413,"Nátaga","Huila"
"Serpocaulon fraxinifolium",414,"Pitalito","Huila"
"Serpocaulon fraxinifolium",415,"Pitalito","Huila"
"Serpocaulon fraxinifolium",416,"Pitalito","Huila"
"Serpocaulon fraxinifolium",417,"Isnos","Huila"
"Serpocaulon fraxinifolium",418,"Santa Marta","Magdalena"
"Serpocaulon fraxinifolium",419,"Santa Marta","Magdalena"
"Serpocaulon fraxinifolium",420,"Santa Marta","Magdalena"
"Serpocaulon fraxinifolium",421,"Santa Marta","Magdalena"
"Serpocaulon fraxinifolium",422,"Ciénaga","Magdalena"
"Serpocaulon fraxinifolium",423,"Santa Marta","Magdalena"
"Serpocaulon fraxinifolium",424,"Vista Hermosa","Meta"
"Serpocaulon fraxinifolium",425,"Acacías","Meta"
"Serpocaulon fraxinifolium",426,"Acacías","Meta"
"Serpocaulon fraxinifolium",427,"Ipiales","Nariño"
"Serpocaulon fraxinifolium",428,"Sibundoy","Putumayo"
"Serpocaulon fraxinifolium",429,"San Francisco","Putumayo"
"Serpocaulon fraxinifolium",430,"Filandia","Quindío"
"Serpocaulon fraxinifolium",431,"Filandia","Quindío"
"Serpocaulon fraxinifolium",432,"Pijao","Quindío"
"Serpocaulon fraxinifolium",433,"Génova","Quindío"
"Serpocaulon fraxinifolium",434,"Salento","Quindío"
"Serpocaulon fraxinifolium",435,"Salento","Quindío"
"Serpocaulon fraxinifolium",436,"Calarcá","Quindío"
"Serpocaulon fraxinifolium",437,"Génova","Quindío"
"Serpocaulon fraxinifolium",438,"Salento","Quindío"
"Serpocaulon fraxinifolium",440,"Salento","Quindío"
"Serpocaulon fraxinifolium",441,"Salento","Quindío"
"Serpocaulon fraxinifolium",442,"Apía","Risaralda"
"Serpocaulon fraxinifolium",443,"Apía","Risaralda"
"Serpocaulon fraxinifolium",444,"Pereira","Risaralda"
"Serpocaulon fraxinifolium",445,"Pereira","Risaralda"
"Serpocaulon fraxinifolium",446,"Pereira","Risaralda"
"Serpocaulon fraxinifolium",447,"Pereira","Risaralda"
"Serpocaulon fraxinifolium",448,"Pereira","Risaralda"
"Serpocaulon fraxinifolium",449,"Santa Rosa de Cabal","Risaralda"
"Serpocaulon fraxinifolium",450,"Santa Rosa de Cabal","Risaralda"
"Serpocaulon fraxinifolium",451,"Santa Rosa de Cabal","Risaralda"
"Serpocaulon fraxinifolium",452,"Santuario","Risaralda"
"Serpocaulon fraxinifolium",453,"Pereira","Risaralda"
"Serpocaulon fraxinifolium",454,"Pereira","Risaralda"
"Serpocaulon fraxinifolium",455,"Santuario","Risaralda"
"Serpocaulon fraxinifolium",456,"Santuario","Risaralda"
"Serpocaulon fraxinifolium",457,"Cimitarra","Santander"
"Serpocaulon fraxinifolium",458,"Charalá","Santander"
"Serpocaulon fraxinifolium",459,"Charta","Santander"
"Serpocaulon fraxinifolium",460,"Charalá","Santander"
"Serpocaulon fraxinifolium",461,"Santa Isabel","Tolima"
"Serpocaulon fraxinifolium",462,"Santa Isabel","Tolima"
"Serpocaulon fraxinifolium",463,"Santa Isabel","Tolima"
"Serpocaulon fraxinifolium",464,"Murillo","Tolima"
"Serpocaulon fraxinifolium",465,"Ibagué","Tolima"
"Serpocaulon fraxinifolium",466,"Ibagué","Tolima"
"Serpocaulon fraxinifolium",467,"Santiago de Cali","Valle del Cauca"
"Serpocaulon fraxinifolium",468,"Buenaventura","Valle del Cauca"
"Serpocaulon fraxinifolium",469,"Santiago de Cali","Valle del Cauca"
"Serpocaulon fraxinifolium",470,"Buenaventura","Valle del Cauca"
"Serpocaulon fraxinifolium",471,"Santiago de Cali","Valle del Cauca"
"Serpocaulon fraxinifolium",472,"Palmira","Valle del Cauca"
"Serpocaulon fraxinifolium",473,"Buenaventura","Valle del Cauca"
"Serpocaulon fraxinifolium",474,"Buenaventura","Valle del Cauca"
"Serpocaulon funckii",475,"Sonsón","Antioquia"
"Serpocaulon funckii",476,"Anorí","Antioquia"
"Serpocaulon funckii",477,"San Pedro de los Milagros","Antioquia"
"Serpocaulon funckii",478,"Guatapé","Antioquia"
"Serpocaulon funckii",479,"Granada","Antioquia"
"Serpocaulon funckii",480,"Granada","Antioquia"
"Serpocaulon funckii",481,"Samacá","Boyacá"
"Serpocaulon funckii",482,"Rionegro","Antioquia"
"Serpocaulon funckii",483,"Rionegro","Antioquia"
"Serpocaulon funckii",485,"San Bernardo","Cundinamarca"
"Serpocaulon funckii",486,"Guatapé","Antioquia"
"Serpocaulon funckii",487,"Guatapé","Antioquia"
"Serpocaulon funckii",488,"Guatapé","Antioquia"
"Serpocaulon funckii",489,"Herrán","Norte de Santander"
"Serpocaulon funckii",490,"Medellín","Antioquia"
"Serpocaulon funckii",491,"La Unión","Antioquia"
"Serpocaulon funckii",492,"La Unión","Antioquia"
"Serpocaulon funckii",493,"La Unión","Antioquia"
"Serpocaulon funckii",494,"Pueblo Rico","Risaralda"
"Serpocaulon funckii",495,"Amalfi","Antioquia"
"Serpocaulon funckii",496,"Amalfi","Antioquia"
"Serpocaulon funckii",497,"Frontino","Antioquia"
"Serpocaulon funckii",498,"Guatapé","Antioquia"
"Serpocaulon funckii",499,"Guatapé","Antioquia"
"Serpocaulon funckii",500,"Guatapé","Antioquia"
"Serpocaulon funckii",501,"Guatapé","Antioquia"
"Serpocaulon funckii",502,"Guatapé","Antioquia"
"Serpocaulon funckii",503,"Guatapé","Antioquia"
"Serpocaulon funckii",504,"Guatapé","Antioquia"
"Serpocaulon funckii",505,"Guatapé","Antioquia"
"Serpocaulon funckii",506,"Guatapé","Antioquia"
"Serpocaulon funckii",507,"Guatapé","Antioquia"
"Serpocaulon funckii",508,"Guatapé","Antioquia"
"Serpocaulon funckii",509,"Rionegro","Antioquia"
"Serpocaulon funckii",510,"Medellín","Antioquia"
"Serpocaulon funckii",511,"Medellín","Antioquia"
"Serpocaulon funckii",512,"El Tambo","Cauca"
"Serpocaulon funckii",513,"Barbosa","Antioquia"
"Serpocaulon funckii",514,"Copacabana","Antioquia"
"Serpocaulon funckii",515,"Copacabana","Antioquia"
"Serpocaulon funckii",516,"Copacabana","Antioquia"
"Serpocaulon funckii",517,"El Sopetrán","Antioquia"
"Serpocaulon funckii",518,"El Sopetrán","Antioquia"
"Serpocaulon funckii",519,"El Sopetrán","Antioquia"
"Serpocaulon funckii",520,"Anorí","Antioquia"
"Serpocaulon funckii",521,"Anorí","Antioquia"
"Serpocaulon funckii",522,"Fredonia","Antioquia"
"Serpocaulon funckii",523,"El Tambo","Cauca"
"Serpocaulon funckii",524,"Medellín","Antioquia"
"Serpocaulon funckii",525,"Urrao","Antioquia"
"Serpocaulon funckii",526,"Urrao","Antioquia"
"Serpocaulon funckii",527,"Frontino","Antioquia"
"Serpocaulon funckii",528,"Medellín","Antioquia"
"Serpocaulon funckii",529,"San José del Palmar","Chocó"
"Serpocaulon funckii",530,"Medellín","Antioquia"
"Serpocaulon funckii",531,"Medellín","Antioquia"
"Serpocaulon funckii",532,"Guatapé","Antioquia"
"Serpocaulon funckii",533,"Guatapé","Antioquia"
"Serpocaulon lasiopus",534,"Guarné","Antioquia"
"Serpocaulon lasiopus",535,"Guarné","Antioquia"
"Serpocaulon lasiopus",536,"Guarné","Antioquia"
"Serpocaulon lasiopus",537,"Cajibío","Cauca"
"Serpocaulon lasiopus",538,"Popayán","Cauca"
"Serpocaulon lasiopus",539,"Popayán","Cauca"
"Serpocaulon lasiopus",540,"Popayán","Cauca"
"Serpocaulon lasiopus",541,"Popayán","Cauca"
"Serpocaulon lasiopus",542,"Popayán","Cauca"
"Serpocaulon lasiopus",543,"Popayán","Cauca"
"Serpocaulon lasiopus",544,"Popayán","Cauca"
"Serpocaulon lasiopus",545,"Popayán","Cauca"
"Serpocaulon lasiopus",546,"Cajibío","Cauca"
"Serpocaulon lasiopus",547,"Suesca","Cundinamarca"
"Serpocaulon lasiopus",548,"Gachetá","Cundinamarca"
"Serpocaulon lasiopus",549,"Suesca","Cundinamarca"
"Serpocaulon lasiopus",550,"Ubaqué","Cundinamarca"
"Serpocaulon lasiopus",551,"San Cayetano","Cundinamarca"
"Serpocaulon lasiopus",552,"Suesca","Cundinamarca"
"Serpocaulon lasiopus",553,"Mosquera","Cundinamarca"
"Serpocaulon lasiopus",554,"La Mesa","Cundinamarca"
"Serpocaulon latissimum",557,"La Pedrera","Amazonas"
"Serpocaulon latissimum",558,"Anorí","Antioquia"
"Serpocaulon latissimum",559,"Anorí","Antioquia"
"Serpocaulon latissimum",560,"Anorí","Antioquia"
"Serpocaulon latissimum",561,"Anorí","Antioquia"
"Serpocaulon latissimum",562,"Anorí","Antioquia"
"Serpocaulon latissimum",563,"Anorí","Antioquia"
"Serpocaulon latissimum",564,"Anorí","Antioquia"
"Serpocaulon latissimum",565,"Anorí","Antioquia"
"Serpocaulon latissimum",566,"Cáceres","Antioquia"
"Serpocaulon latissimum",567,"Jardín","Antioquia"
"Serpocaulon latissimum",568,"Cáceres","Antioquia"
"Serpocaulon latissimum",569,"Cáceres","Antioquia"
"Serpocaulon latissimum",570,"Jardín","Antioquia"
"Serpocaulon latissimum",571,"San Carlos","Antioquia"
"Serpocaulon latissimum",572,"Anorí","Antioquia"
"Serpocaulon latissimum",573,"Anorí","Antioquia"
"Serpocaulon latissimum",574,"Anorí","Antioquia"
"Serpocaulon latissimum",575,"Anorí","Antioquia"
"Serpocaulon latissimum",576,"Anorí","Antioquia"
"Serpocaulon latissimum",577,"Anorí","Antioquia"
"Serpocaulon latissimum",578,"Anorí","Antioquia"
"Serpocaulon latissimum",579,"Anorí","Antioquia"
"Serpocaulon latissimum",580,"Anorí","Antioquia"
"Serpocaulon latissimum",581,"Anorí","Antioquia"
"Serpocaulon latissimum",583,"Frontino","Antioquia"
"Serpocaulon latissimum",584,"Frontino","Antioquia"
"Serpocaulon latissimum",585,"Frontino","Antioquia"
"Serpocaulon latissimum",587,"Guapí","Cauca"
"Serpocaulon latissimum",588,"Guapí","Cauca"
"Serpocaulon latissimum",589,"Guapí","Cauca"
"Serpocaulon latissimum",590,"Bahía Solano","Chocó"
"Serpocaulon latissimum",591,"Quibdó","Chocó"
"Serpocaulon latissimum",592,"Buenaventura","Valle del Cauca"
"Serpocaulon latissimum",593,"Medio San Juan","Chocó"
"Serpocaulon latissimum",594,"Medio San Juan","Chocó"
"Serpocaulon latissimum",595,NA,NA
"Serpocaulon latissimum",596,"Bahía Solano","Chocó"
"Serpocaulon latissimum",597,"San José del Palmar","Chocó"
"Serpocaulon latissimum",598,"San José del Palmar","Chocó"
"Serpocaulon latissimum",599,"San José del Palmar","Chocó"
"Serpocaulon latissimum",600,"San José del Palmar","Chocó"
"Serpocaulon latissimum",601,"Unión Panamericana","Chocó"
"Serpocaulon latissimum",602,"Río Quito","Chocó"
"Serpocaulon latissimum",603,"Isnos","Huila"
"Serpocaulon latissimum",604,"Barbacoas","Nariño"
"Serpocaulon latissimum",605,"Tumaco","Nariño"
"Serpocaulon latissimum",606,"Tumaco","Nariño"
"Serpocaulon latissimum",607,"Puerto Leguízamo","Putumayo"
"Serpocaulon latissimum",608,"Orito","Putumayo"
"Serpocaulon latissimum",609,"San Miguel de Mocoa","Putumayo"
"Serpocaulon latissimum",610,"Cimitarra","Santander"
"Serpocaulon latissimum",611,"Buenaventura","Valle del Cauca"
"Serpocaulon levigatum",613,"Belmira","Antioquia"
"Serpocaulon levigatum",615,"Belmira","Antioquia"
"Serpocaulon levigatum",617,"Bello","Antioquia"
"Serpocaulon levigatum",618,"Fredonia","Antioquia"
"Serpocaulon levigatum",619,"Retiro","Antioquia"
"Serpocaulon levigatum",620,"Medellín","Antioquia"
"Serpocaulon levigatum",621,"Medellín","Antioquia"
"Serpocaulon levigatum",622,"Yarumal","Antioquia"
"Serpocaulon levigatum",623,"Yarumal","Antioquia"
"Serpocaulon levigatum",624,"Yarumal","Antioquia"
"Serpocaulon levigatum",625,"Medellín","Antioquia"
"Serpocaulon levigatum",628,"Guarné","Antioquia"
"Serpocaulon levigatum",629,"Guarné","Antioquia"
"Serpocaulon levigatum",630,"Caldas","Antioquia"
"Serpocaulon levigatum",631,"Caldas","Antioquia"
"Serpocaulon levigatum",632,"Caldas","Antioquia"
"Serpocaulon levigatum",633,"Caldas","Antioquia"
"Serpocaulon levigatum",634,"Caldas","Antioquia"
"Serpocaulon levigatum",635,"Caldas","Antioquia"
"Serpocaulon levigatum",636,"Caldas","Antioquia"
"Serpocaulon levigatum",638,"Yarumal","Antioquia"
"Serpocaulon levigatum",640,"Yarumal","Antioquia"
"Serpocaulon levigatum",642,"Yarumal","Antioquia"
"Serpocaulon levigatum",643,"Medellín","Antioquia"
"Serpocaulon levigatum",644,"Medellín","Antioquia"
"Serpocaulon levigatum",645,"La Unión","Antioquia"
"Serpocaulon levigatum",646,"Guarné","Antioquia"
"Serpocaulon levigatum",649,"Medellín","Antioquia"
"Serpocaulon levigatum",650,"Jardín","Antioquia"
"Serpocaulon levigatum",651,"Sonsón","Antioquia"
"Serpocaulon levigatum",652,"Sonsón","Antioquia"
"Serpocaulon levigatum",653,"Frontino","Antioquia"
"Serpocaulon levigatum",654,"Briceño","Antioquia"
"Serpocaulon levigatum",655,"Valdivia","Antioquia"
"Serpocaulon levigatum",656,"Yarumal","Antioquia"
"Serpocaulon levigatum",657,"Sonsón","Antioquia"
"Serpocaulon levigatum",658,"Medellín","Antioquia"
"Serpocaulon levigatum",659,"Medellín","Antioquia"
"Serpocaulon levigatum",660,"Medellín","Antioquia"
"Serpocaulon levigatum",661,"Jardín","Antioquia"
"Serpocaulon levigatum",662,"Frontino","Antioquia"
"Serpocaulon levigatum",663,"Jardín","Antioquia"
"Serpocaulon levigatum",664,"Yarumal","Antioquia"
"Serpocaulon levigatum",665,"Yarumal","Antioquia"
"Serpocaulon levigatum",666,"Belmira","Antioquia"
"Serpocaulon levigatum",667,"Medellín","Antioquia"
"Serpocaulon levigatum",668,"Medellín","Antioquia"
"Serpocaulon levigatum",669,"Sonsón","Antioquia"
"Serpocaulon levigatum",670,"Sonsón","Antioquia"
"Serpocaulon levigatum",671,"Sonsón","Antioquia"
"Serpocaulon levigatum",672,"Guarné","Antioquia"
"Serpocaulon levigatum",674,"Medellín","Antioquia"
"Serpocaulon levigatum",675,"Medellín","Antioquia"
"Serpocaulon levigatum",676,"El Carmen de Viboral","Antioquia"
"Serpocaulon levigatum",677,"Envigado","Antioquia"
"Serpocaulon levigatum",678,"Guarné","Antioquia"
"Serpocaulon levigatum",679,"Medellín","Antioquia"
"Serpocaulon levigatum",680,"Medellín","Antioquia"
"Serpocaulon levigatum",681,"Medellín","Antioquia"
"Serpocaulon levigatum",682,"Medellín","Antioquia"
"Serpocaulon levigatum",683,"Medellín","Antioquia"
"Serpocaulon levigatum",684,"Medellín","Antioquia"
"Serpocaulon levigatum",686,"Belmira","Antioquia"
"Serpocaulon levigatum",687,"Belmira","Antioquia"
"Serpocaulon levigatum",688,"Belmira","Antioquia"
"Serpocaulon levigatum",689,"Belmira","Antioquia"
"Serpocaulon levigatum",690,"Belmira","Antioquia"
"Serpocaulon levigatum",691,"Liborina","Antioquia"
"Serpocaulon levigatum",692,"Medellín","Antioquia"
"Serpocaulon levigatum",693,"Santa Rosa de Osos","Antioquia"
"Serpocaulon levigatum",694,"Fredonia","Antioquia"
"Serpocaulon levigatum",695,"Jardín","Antioquia"
"Serpocaulon levigatum",696,"Bello","Antioquia"
"Serpocaulon levigatum",697,"Angelópolis","Antioquia"
"Serpocaulon levigatum",698,"Heliconia","Antioquia"
"Serpocaulon levigatum",699,"Medellín","Antioquia"
"Serpocaulon levigatum",700,"Urrao","Antioquia"
"Serpocaulon levigatum",701,"Onzaga","Santander"
"Serpocaulon levigatum",702,"La Uvita","Boyacá"
"Serpocaulon levigatum",703,"Villa de Leyva","Boyacá"
"Serpocaulon levigatum",704,"Pensilvania","Caldas"
"Serpocaulon levigatum",705,"Pensilvania","Caldas"
"Serpocaulon levigatum",706,"Manizales","Caldas"
"Serpocaulon levigatum",707,"Manizales","Caldas"
"Serpocaulon levigatum",708,"Manizales","Caldas"
"Serpocaulon levigatum",709,"Manizales","Caldas"
"Serpocaulon levigatum",710,"Manizales","Caldas"
"Serpocaulon levigatum",711,"Manizales","Caldas"
"Serpocaulon levigatum",712,"Neira","Caldas"
"Serpocaulon levigatum",713,"Riosucio","Caldas"
"Serpocaulon levigatum",714,"Villamaría","Caldas"
"Serpocaulon levigatum",715,"Aranzazú","Caldas"
"Serpocaulon levigatum",716,"Villamaría","Caldas"
"Serpocaulon levigatum",717,"Manizales","Caldas"
"Serpocaulon levigatum",718,"Cajibío","Cauca"
"Serpocaulon levigatum",719,"Sotará","Cauca"
"Serpocaulon levigatum",720,"El Tambo","Cauca"
"Serpocaulon levigatum",721,"El Tambo","Cauca"
"Serpocaulon levigatum",722,"Argelia","Cauca"
"Serpocaulon levigatum",723,"Toribío","Cauca"
"Serpocaulon levigatum",724,"Inzá","Cauca"
"Serpocaulon levigatum",725,"Puracé","Cauca"
"Serpocaulon levigatum",726,"El Tambo","Cauca"
"Serpocaulon levigatum",727,"Popayán","Cauca"
"Serpocaulon levigatum",728,"Popayán","Cauca"
"Serpocaulon levigatum",729,"Bolívar","Cauca"
"Serpocaulon levigatum",730,"Inzá","Cauca"
"Serpocaulon levigatum",731,"El Cairo","Valle del Cauca"
"Serpocaulon levigatum",732,"San José del Palmar","Chocó"
"Serpocaulon levigatum",733,"Albán","Cundinamarca"
"Serpocaulon levigatum",734,"Sasaima","Cundinamarca"
"Serpocaulon levigatum",735,"Guasca","Cundinamarca"
"Serpocaulon levigatum",736,"Bogotá D.C.","Bogotá D.C."
"Serpocaulon levigatum",737,"San Bernardo","Cundinamarca"
"Serpocaulon levigatum",738,"Cabrera","Cundinamarca"
"Serpocaulon levigatum",739,"Subachoque","Cundinamarca"
"Serpocaulon levigatum",741,"La Plata","Huila"
"Serpocaulon levigatum",742,"La Plata","Huila"
"Serpocaulon levigatum",743,"Acevedo","Huila"
"Serpocaulon levigatum",744,"La Argentina","Huila"
"Serpocaulon levigatum",745,"La Plata","Huila"
"Serpocaulon levigatum",746,"San Agustín","Huila"
"Serpocaulon levigatum",747,"Nátaga","Huila"
"Serpocaulon levigatum",748,"Nátaga","Huila"
"Serpocaulon levigatum",749,"Isnos","Huila"
"Serpocaulon levigatum",750,"Pitalito","Huila"
"Serpocaulon levigatum",751,"Neiva","Huila"
"Serpocaulon levigatum",752,"Campoalegre","Huila"
"Serpocaulon levigatum",753,"La Cruz","Nariño"
"Serpocaulon levigatum",754,"Agustín Codazzi","Cesar"
"Serpocaulon levigatum",755,"Ciénaga","Magdalena"
"Serpocaulon levigatum",756,"Ciénaga","Magdalena"
"Serpocaulon levigatum",757,"Santa Marta","Magdalena"
"Serpocaulon levigatum",758,"Manizales","Caldas"
"Serpocaulon levigatum",759,"Acacías","Meta"
"Serpocaulon levigatum",760,"Acacías","Meta"
"Serpocaulon levigatum",761,"Vista Hermosa","Meta"
"Serpocaulon levigatum",762,"Acacías","Meta"
"Serpocaulon levigatum",763,"Acacías","Meta"
"Serpocaulon levigatum",764,"San Juan de Pasto","Nariño"
"Serpocaulon levigatum",765,"Ipiales","Nariño"
"Serpocaulon levigatum",766,"Ipiales","Nariño"
"Serpocaulon levigatum",767,"Ipiales","Nariño"
"Serpocaulon levigatum",768,"San Juan de Pasto","Nariño"
"Serpocaulon levigatum",769,"San Juan de Pasto","Nariño"
"Serpocaulon levigatum",770,"San Juan de Pasto","Nariño"
"Serpocaulon levigatum",771,"San Juan de Pasto","Nariño"
"Serpocaulon levigatum",772,"San Juan de Pasto","Nariño"
"Serpocaulon levigatum",773,"San Juan de Pasto","Nariño"
"Serpocaulon levigatum",774,"La Unión","Nariño"
"Serpocaulon levigatum",775,"Chachagüí","Nariño"
"Serpocaulon levigatum",776,"Sandoná","Nariño"
"Serpocaulon levigatum",777,"Chachagüí","Nariño"
"Serpocaulon levigatum",778,"San Juan de Pasto","Nariño"
"Serpocaulon levigatum",779,"La Cruz","Nariño"
"Serpocaulon levigatum",780,"La Unión","Nariño"
"Serpocaulon levigatum",781,"Toledo","Norte de Santander"
"Serpocaulon levigatum",782,"Pamplona","Norte de Santander"
"Serpocaulon levigatum",783,"Pamplona","Norte de Santander"
"Serpocaulon levigatum",784,"La Playa de Belén","Norte de Santander"
"Serpocaulon levigatum",785,"Santiago","Putumayo"
"Serpocaulon levigatum",786,"Sibundoy","Putumayo"
"Serpocaulon levigatum",787,"Sibundoy","Putumayo"
"Serpocaulon levigatum",788,"Sibundoy","Putumayo"
"Serpocaulon levigatum",789,"Sibundoy","Putumayo"
"Serpocaulon levigatum",790,"Sibundoy","Putumayo"
"Serpocaulon levigatum",791,"Santiago","Putumayo"
"Serpocaulon levigatum",792,"San Miguel de Mocoa","Putumayo"
"Serpocaulon levigatum",793,"San Francisco","Putumayo"
"Serpocaulon levigatum",794,"Calarcá","Quindío"
"Serpocaulon levigatum",795,"Filandia","Quindío"
"Serpocaulon levigatum",796,"Filandia","Quindío"
"Serpocaulon levigatum",797,"Salento","Quindío"
"Serpocaulon levigatum",798,"Salento","Quindío"
"Serpocaulon levigatum",799,"Salento","Quindío"
"Serpocaulon levigatum",800,"Pijao","Quindío"
"Serpocaulon levigatum",801,"Salento","Quindío"
"Serpocaulon levigatum",802,"Calarcá","Quindío"
"Serpocaulon levigatum",803,"Córdoba","Quindío"
"Serpocaulon levigatum",804,"Génova","Quindío"
"Serpocaulon levigatum",805,"Génova","Quindío"
"Serpocaulon levigatum",806,"Génova","Quindío"
"Serpocaulon levigatum",807,"Génova","Quindío"
"Serpocaulon levigatum",808,"Salento","Quindío"
"Serpocaulon levigatum",809,"Salento","Quindío"
"Serpocaulon levigatum",810,"Santa Rosa de Cabal","Risaralda"
"Serpocaulon levigatum",811,"Marsella","Risaralda"
"Serpocaulon levigatum",812,"Pereira","Risaralda"
"Serpocaulon levigatum",813,"Pereira","Risaralda"
"Serpocaulon levigatum",814,"Santuario","Risaralda"
"Serpocaulon levigatum",815,"Pereira","Risaralda"
"Serpocaulon levigatum",816,"Santa Rosa de Cabal","Risaralda"
"Serpocaulon levigatum",817,"Santuario","Risaralda"
"Serpocaulon levigatum",818,"Santuario","Risaralda"
"Serpocaulon levigatum",819,"Los Santos","Santander"
"Serpocaulon levigatum",820,"Floridablanca","Santander"
"Serpocaulon levigatum",821,"Anzoátegui","Tolima"
"Serpocaulon levigatum",822,"Santa Isabel","Tolima"
"Serpocaulon levigatum",823,"Santa Isabel","Tolima"
"Serpocaulon levigatum",824,"Murillo","Tolima"
"Serpocaulon levigatum",825,"Ibagué","Tolima"
"Serpocaulon levigatum",826,"Ibagué","Tolima"
"Serpocaulon levigatum",827,"Ibagué","Tolima"
"Serpocaulon levigatum",828,"Ibagué","Tolima"
"Serpocaulon levigatum",829,"Palmira","Valle del Cauca"
"Serpocaulon levigatum",830,"Guadalajara de Buga","Valle del Cauca"
"Serpocaulon levigatum",831,"Santiago de Cali","Valle del Cauca"
"Serpocaulon levigatum",832,"Florida","Valle del Cauca"
"Serpocaulon levigatum",834,"Buenaventura","Valle del Cauca"
"Serpocaulon loriceum",837,"La Unión","Antioquia"
"Serpocaulon loriceum",838,"Sesquilé","Cundinamarca"
"Serpocaulon loriceum",839,"Piedecuesta","Santander"
"Serpocaulon loriceum",840,"Pitalito","Huila"
"Serpocaulon loriceum",841,"Pitalito","Huila"
"Serpocaulon loriceum",842,"Pitalito","Huila"
"Serpocaulon loriceum",843,"Frontino","Antioquia"
"Serpocaulon loriceum",844,"Herrán","Norte de Santander"
"Serpocaulon loriceum",845,"San Francisco","Putumayo"
"Serpocaulon maritimum",846,"Medio San Juan","Chocó"
"Serpocaulon maritimum",847,"Barbacoas","Nariño"
"Serpocaulon maritimum",848,"Buenaventura","Valle del Cauca"
"Serpocaulon maritimum",850,"Barbacoas","Nariño"
"Serpocaulon maritimum",851,"Barbacoas","Nariño"
"Serpocaulon maritimum",852,"Barbacoas","Nariño"
"Serpocaulon maritimum",853,"Uribía","La Guajira"
"Serpocaulon maritimum",854,"Uribía","La Guajira"
"Serpocaulon maritimum",856,"Condotó","Chocó"
"Serpocaulon maritimum",857,"San José del Palmar","Chocó"
"Serpocaulon maritimum",858,"San José del Palmar","Chocó"
"Serpocaulon maritimum",859,"Santa Marta","Magdalena"
"Serpocaulon maritimum",860,"Dagua","Valle del Cauca"
"Serpocaulon maritimum",861,"Dagua","Valle del Cauca"
"Serpocaulon maritimum",862,"Mallama","Nariño"
"Serpocaulon maritimum",863,"Urrao","Antioquia"
"Serpocaulon maritimum",864,"Barbacoas","Nariño"
"Serpocaulon nanegalense",865,"Belmira","Antioquia"
"Serpocaulon nanegalense",867,"Medellín","Antioquia"
"Serpocaulon nanegalense",868,"Caldas","Antioquia"
"Serpocaulon nanegalense",870,"Belmira","Antioquia"
"Serpocaulon nanegalense",871,"Andes","Antioquia"
"Serpocaulon nanegalense",872,"Belmira","Antioquia"
"Serpocaulon nanegalense",873,"Belmira","Antioquia"
"Serpocaulon nanegalense",874,"Belmira","Antioquia"
"Serpocaulon nanegalense",876,"Belmira","Antioquia"
"Serpocaulon nanegalense",877,"Belmira","Antioquia"
"Serpocaulon nanegalense",878,"Belmira","Antioquia"
"Serpocaulon nanegalense",879,"Andes","Antioquia"
"Serpocaulon nanegalense",880,"Jardín","Antioquia"
"Serpocaulon nanegalense",881,"Jardín","Antioquia"
"Serpocaulon nanegalense",882,"Bello","Antioquia"
"Serpocaulon nanegalense",883,"Heliconia","Antioquia"
"Serpocaulon nanegalense",884,"Heliconia","Antioquia"
"Serpocaulon nanegalense",885,"Belmira","Antioquia"
"Serpocaulon nanegalense",886,"Belmira","Antioquia"
"Serpocaulon nanegalense",887,"Sogamoso","Boyacá"
"Serpocaulon nanegalense",888,"Villa de Leyva","Boyacá"
"Serpocaulon nanegalense",889,"Inzá","Cauca"
"Serpocaulon nanegalense",890,"Sibaté","Cundinamarca"
"Serpocaulon nanegalense",891,"Sibaté","Cundinamarca"
"Serpocaulon nanegalense",892,"Cajicá","Cundinamarca"
"Serpocaulon nanegalense",893,"Sibaté","Cundinamarca"
"Serpocaulon nanegalense",894,"San Juan de Pasto","Nariño"
"Serpocaulon nanegalense",895,"San Juan de Pasto","Nariño"
"Serpocaulon nanegalense",896,"Herrán","Norte de Santander"
"Serpocaulon nanegalense",897,"Herrán","Norte de Santander"
"Serpocaulon nanegalense",898,"Herrán","Norte de Santander"
"Serpocaulon nanegalense",899,"Sibundoy","Putumayo"
"Serpocaulon nanegalense",900,"Sibundoy","Putumayo"
"Serpocaulon nanegalense",901,"Génova","Quindío"
"Serpocaulon nanegalense",902,"Santuario","Risaralda"
"Serpocaulon nanegalense",903,"Santuario","Risaralda"
"Serpocaulon nanegalense",904,"Sonsón","Antioquia"
"Serpocaulon nanegalense",905,"Buenaventura","Valle del Cauca"
"Serpocaulon patentissimum",909,"Frontino","Antioquia"
"Serpocaulon patentissimum",910,"Frontino","Antioquia"
"Serpocaulon patentissimum",911,"Barbacoas","Nariño"
"Serpocaulon patentissimum",912,"Ricaurte","Nariño"
"Serpocaulon patentissimum",914,"Ricaurte","Nariño"
"Serpocaulon patentissimum",915,"Ricaurte","Nariño"
"Serpocaulon patentissimum",916,"Ricaurte","Nariño"
"Serpocaulon patentissimum",917,"Ricaurte","Nariño"
"Serpocaulon patentissimum",918,"Ricaurte","Nariño"
"Serpocaulon patentissimum",919,"Ricaurte","Nariño"
"Serpocaulon patentissimum",920,"Santiago de Cali","Valle del Cauca"
"Serpocaulon psychotrium",923,"La Pedrera","Amazonas"
"Serpocaulon psychotrium",926,"La Pedrera","Amazonas"
"Serpocaulon psychotrium",927,"La Pedrera","Amazonas"
"Serpocaulon psychotrium",928,"San Rafael","Antioquia"
"Serpocaulon psychotrium",930,"San Rafael","Antioquia"
"Serpocaulon psychotrium",931,"San Rafael","Antioquia"
"Serpocaulon psychotrium",932,"Amalfi","Antioquia"
"Serpocaulon psychotrium",933,"Amalfi","Antioquia"
"Serpocaulon psychotrium",934,"Amalfi","Antioquia"
"Serpocaulon psychotrium",935,"Guatapé","Antioquia"
"Serpocaulon psychotrium",936,"Cocorná","Antioquia"
"Serpocaulon psychotrium",937,"Cocorná","Antioquia"
"Serpocaulon psychotrium",938,"Barbosa","Antioquia"
"Serpocaulon psychotrium",939,"Barbosa","Antioquia"
"Serpocaulon psychotrium",940,"Barbosa","Antioquia"
"Serpocaulon psychotrium",941,"Amalfi","Antioquia"
"Serpocaulon psychotrium",942,"Barbosa","Antioquia"
"Serpocaulon psychotrium",943,"Barbosa","Antioquia"
"Serpocaulon psychotrium",944,"Barbosa","Antioquia"
"Serpocaulon psychotrium",945,"Amalfi","Antioquia"
"Serpocaulon psychotrium",946,"Amalfi","Antioquia"
"Serpocaulon psychotrium",947,"Anorí","Antioquia"
"Serpocaulon psychotrium",948,"Anorí","Antioquia"
"Serpocaulon psychotrium",949,"Anorí","Antioquia"
"Serpocaulon psychotrium",950,"Anorí","Antioquia"
"Serpocaulon psychotrium",951,"Pauna","Boyacá"
"Serpocaulon psychotrium",952,"Solano","Caquetá"
"Serpocaulon psychotrium",953,"Solano","Caquetá"
"Serpocaulon psychotrium",954,"Agustín Codazzi","Cesar"
"Serpocaulon psychotrium",955,"Agustín Codazzi","Cesar"
"Serpocaulon psychotrium",956,"Sasaima","Cundinamarca"
"Serpocaulon psychotrium",957,"Sasaima","Cundinamarca"
"Serpocaulon psychotrium",959,"Guayabetal","Cundinamarca"
"Serpocaulon psychotrium",960,"Yacopí","Cundinamarca"
"Serpocaulon psychotrium",961,"La Macarena","Meta"
"Serpocaulon psychotrium",962,"Rivera","Huila"
"Serpocaulon psychotrium",963,"Pitalito","Huila"
"Serpocaulon psychotrium",964,"Palestina","Huila"
"Serpocaulon ptilorhizon",965,"Medellín","Antioquia"
"Serpocaulon ptilorhizon",966,"Medellín","Antioquia"
"Serpocaulon ptilorhizon",967,"Guatapé","Antioquia"
"Serpocaulon ptilorhizon",968,"Guatapé","Antioquia"
"Serpocaulon ptilorhizon",969,"Sonsón","Antioquia"
"Serpocaulon ptilorhizon",970,"Amalfi","Antioquia"
"Serpocaulon ptilorhizon",971,"Guatapé","Antioquia"
"Serpocaulon ptilorhizon",972,"Guatapé","Antioquia"
"Serpocaulon ptilorhizon",973,"Copacabana","Antioquia"
"Serpocaulon ptilorhizon",974,"Copacabana","Antioquia"
"Serpocaulon ptilorhizon",975,"Copacabana","Antioquia"
"Serpocaulon ptilorhizon",976,"Medellín","Antioquia"
"Serpocaulon ptilorhizon",977,"Anorí","Antioquia"
"Serpocaulon ptilorhizon",978,"Rionegro","Antioquia"
"Serpocaulon richardii",979,"San Miguel de Mocoa","Putumayo"
"Serpocaulon richardii",981,"Sasaima","Cundinamarca"
"Serpocaulon sessilifolium",983,"La Unión","Antioquia"
"Serpocaulon sessilifolium",984,"Belmira","Antioquia"
"Serpocaulon sessilifolium",985,"Abejorral","Antioquia"
"Serpocaulon sessilifolium",986,"Belmira","Antioquia"
"Serpocaulon sessilifolium",987,"Belmira","Antioquia"
"Serpocaulon sessilifolium",989,"Belmira","Antioquia"
"Serpocaulon sessilifolium",990,"San José de la Montaña","Antioquia"
"Serpocaulon sessilifolium",991,"San José de la Montaña","Antioquia"
"Serpocaulon sessilifolium",992,"Belmira","Antioquia"
"Serpocaulon sessilifolium",993,"Belmira","Antioquia"
"Serpocaulon sessilifolium",994,"Belmira","Antioquia"
"Serpocaulon sessilifolium",995,"Angostura","Antioquia"
"Serpocaulon sessilifolium",996,"Medellín","Antioquia"
"Serpocaulon sessilifolium",997,"Belmira","Antioquia"
"Serpocaulon sessilifolium",999,"Santa María","Boyacá"
"Serpocaulon sessilifolium",1000,"Manizales","Caldas"
"Serpocaulon sessilifolium",1001,"Salamina","Caldas"
"Serpocaulon sessilifolium",1002,"Salamina","Caldas"
"Serpocaulon sessilifolium",1003,"Salamina","Caldas"
"Serpocaulon sessilifolium",1004,"Salamina","Caldas"
"Serpocaulon sessilifolium",1005,"Salamina","Caldas"
"Serpocaulon sessilifolium",1006,"Salamina","Caldas"
"Serpocaulon sessilifolium",1007,"Puracé","Cauca"
"Serpocaulon sessilifolium",1008,"Jambaló","Cauca"
"Serpocaulon sessilifolium",1009,"Silvia","Cauca"
"Serpocaulon sessilifolium",1010,"Bolívar","Cauca"
"Serpocaulon sessilifolium",1011,"Puracé","Cauca"
"Serpocaulon sessilifolium",1012,"Puracé","Cauca"
"Serpocaulon sessilifolium",1013,"Fómeque","Cundinamarca"
"Serpocaulon sessilifolium",1014,"La Plata","Huila"
"Serpocaulon sessilifolium",1015,"Pitalito","Huila"
"Serpocaulon sessilifolium",1016,"Pitalito","Huila"
"Serpocaulon sessilifolium",1017,"La Argentina","Huila"
"Serpocaulon sessilifolium",1018,"La Argentina","Huila"
"Serpocaulon sessilifolium",1019,"Neiva","Huila"
"Serpocaulon sessilifolium",1020,"Pitalito","Huila"
"Serpocaulon sessilifolium",1021,"Pitalito","Huila"
"Serpocaulon sessilifolium",1022,"Pitalito","Huila"
"Serpocaulon sessilifolium",1023,"San Juan de Pasto","Nariño"
"Serpocaulon sessilifolium",1024,"San Juan de Pasto","Nariño"
"Serpocaulon sessilifolium",1025,"San Juan de Pasto","Nariño"
"Serpocaulon sessilifolium",1026,"San Juan de Pasto","Nariño"
"Serpocaulon sessilifolium",1027,"San Juan de Pasto","Nariño"
"Serpocaulon sessilifolium",1028,"Barbacoas","Nariño"
"Serpocaulon sessilifolium",1029,"Salento","Quindío"
"Serpocaulon sessilifolium",1030,"Salento","Quindío"
"Serpocaulon sessilifolium",1031,"Salento","Quindío"
"Serpocaulon sessilifolium",1032,"Salento","Quindío"
"Serpocaulon sessilifolium",1033,"Salento","Quindío"
"Serpocaulon sessilifolium",1034,"Salento","Quindío"
"Serpocaulon sessilifolium",1035,"Salento","Quindío"
"Serpocaulon sessilifolium",1036,"Salento","Quindío"
"Serpocaulon sessilifolium",1039,"Salento","Quindío"
"Serpocaulon sessilifolium",1040,"Santuario","Risaralda"
"Serpocaulon sessilifolium",1041,"Pereira","Risaralda"
"Serpocaulon sessilifolium",1042,"Pereira","Risaralda"
"Serpocaulon sessilifolium",1043,"Santuario","Risaralda"
"Serpocaulon sessilifolium",1044,"Pereira","Risaralda"
"Serpocaulon sessilifolium",1045,"Onzaga","Santander"
"Serpocaulon sessilifolium",1046,"Piedecuesta","Santander"
"Serpocaulon sessilifolium",1048,"Ibagué","Tolima"
"Serpocaulon sessilifolium",1049,"Ibagué","Tolima"
"Serpocaulon sessilifolium",1050,"Ibagué","Tolima"
"Serpocaulon sessilifolium",1051,"Buenaventura","Valle del Cauca"
"Serpocaulon sessilifolium",1052,"Buenaventura","Valle del Cauca"
"Serpocaulon subandinum",1053,"Urrao","Antioquia"
"Serpocaulon subandinum",1054,"Urrao","Antioquia"
"Serpocaulon subandinum",1055,"Belmira","Antioquia"
"Serpocaulon subandinum",1057,"Belmira","Antioquia"
"Serpocaulon subandinum",1058,"Belmira","Antioquia"
"Serpocaulon subandinum",1059,"Belmira","Antioquia"
"Serpocaulon subandinum",1060,"Belmira","Antioquia"
"Serpocaulon subandinum",1061,"Arcabuco","Boyacá"
"Serpocaulon subandinum",1062,"Arcabuco","Boyacá"
"Serpocaulon subandinum",1063,"Samacá","Boyacá"
"Serpocaulon subandinum",1064,"Duitama","Boyacá"
"Serpocaulon subandinum",1065,"Villa de Leyva","Boyacá"
"Serpocaulon subandinum",1066,"Villamaría","Caldas"
"Serpocaulon subandinum",1067,"Villamaría","Caldas"
"Serpocaulon subandinum",1068,"Villamaría","Caldas"
"Serpocaulon subandinum",1069,"Salamina","Caldas"
"Serpocaulon subandinum",1070,"Manizales","Caldas"
"Serpocaulon subandinum",1071,"Salamina","Caldas"
"Serpocaulon subandinum",1072,"Puracé","Cauca"
"Serpocaulon subandinum",1073,"Popayán","Cauca"
"Serpocaulon subandinum",1074,"Bolívar","Cauca"
"Serpocaulon subandinum",1075,"Popayán","Cauca"
"Serpocaulon subandinum",1076,"Popayán","Cauca"
"Serpocaulon subandinum",1077,"Bolívar","Cauca"
"Serpocaulon subandinum",1078,"Inzá","Cauca"
"Serpocaulon subandinum",1079,"Silvia","Cauca"
"Serpocaulon subandinum",1080,"Timbío","Cauca"
"Serpocaulon subandinum",1081,"Totoró","Cauca"
"Serpocaulon subandinum",1082,"Puracé","Cauca"
"Serpocaulon subandinum",1083,"Agustín Codazzi","Cesar"
"Serpocaulon subandinum",1084,"Bogotá D.C.","Bogotá D.C."
"Serpocaulon subandinum",1085,"Sibaté","Cundinamarca"
"Serpocaulon subandinum",1086,"Bogotá D.C.","Bogotá D.C."
"Serpocaulon subandinum",1087,"Bogotá D.C.","Bogotá D.C."
"Serpocaulon subandinum",1088,"Bogotá D.C.","Bogotá D.C."
"Serpocaulon subandinum",1089,"Bogotá D.C.","Bogotá D.C."
"Serpocaulon subandinum",1090,"Bogotá D.C.","Bogotá D.C."
"Serpocaulon subandinum",1091,"Suesca","Cundinamarca"
"Serpocaulon subandinum",1092,"Subachoque","Cundinamarca"
"Serpocaulon subandinum",1093,"Santa Marta","Magdalena"
"Serpocaulon subandinum",1094,"San Juan de Pasto","Nariño"
"Serpocaulon subandinum",1095,"San Juan de Pasto","Nariño"
"Serpocaulon subandinum",1096,"San Juan de Pasto","Nariño"
"Serpocaulon subandinum",1097,"San Juan de Pasto","Nariño"
"Serpocaulon subandinum",1098,"San Juan de Pasto","Nariño"
"Serpocaulon subandinum",1099,"San Juan de Pasto","Nariño"
"Serpocaulon subandinum",1100,"San Juan de Pasto","Nariño"
"Serpocaulon subandinum",1101,"Herrán","Norte de Santander"
"Serpocaulon subandinum",1102,"Salento","Quindío"
"Serpocaulon subandinum",1103,"Salento","Quindío"
"Serpocaulon subandinum",1104,"Salento","Quindío"
"Serpocaulon subandinum",1105,"Salento","Quindío"
"Serpocaulon subandinum",1106,"Santuario","Risaralda"
"Serpocaulon subandinum",1107,"Cajamarca","Tolima"
"Serpocaulon subandinum",1108,"Ibagué","Tolima"
"Serpocaulon triseriale",1110,"Solano","Caquetá"
"Serpocaulon triseriale",1112,"Leticia","Amazonas"
"Serpocaulon triseriale",1114,"Leticia","Amazonas"
"Serpocaulon triseriale",1115,"San Luís","Antioquia"
"Serpocaulon triseriale",1117,"Medellín","Antioquia"
"Serpocaulon triseriale",1119,"Medellín","Antioquia"
"Serpocaulon triseriale",1121,"Medellín","Antioquia"
"Serpocaulon triseriale",1122,"Anorí","Antioquia"
"Serpocaulon triseriale",1123,"Anorí","Antioquia"
"Serpocaulon triseriale",1124,"Anorí","Antioquia"
"Serpocaulon triseriale",1125,"Barbosa","Antioquia"
"Serpocaulon triseriale",1126,"Barbosa","Antioquia"
"Serpocaulon triseriale",1127,"Barbosa","Antioquia"
"Serpocaulon triseriale",1128,"Caldas","Antioquia"
"Serpocaulon triseriale",1129,"San Luís","Antioquia"
"Serpocaulon triseriale",1130,"San Luís","Antioquia"
"Serpocaulon triseriale",1131,"San Luís","Antioquia"
"Serpocaulon triseriale",1132,"Andes","Antioquia"
"Serpocaulon triseriale",1133,"Cocorná","Antioquia"
"Serpocaulon triseriale",1134,"Cocorná","Antioquia"
"Serpocaulon triseriale",1135,"Anorí","Antioquia"
"Serpocaulon triseriale",1136,"Briceño","Boyacá"
"Serpocaulon triseriale",1137,"Sáchica","Boyacá"
"Serpocaulon triseriale",1138,"Villa de Leyva","Boyacá"
"Serpocaulon triseriale",1139,"Riosucio","Caldas"
"Serpocaulon triseriale",1140,"Manizales","Caldas"
"Serpocaulon triseriale",1141,"Manizales","Caldas"
"Serpocaulon triseriale",1142,"Manizales","Caldas"
"Serpocaulon triseriale",1143,"Santa Rosa de Cabal","Risaralda"
"Serpocaulon triseriale",1144,"Neira","Caldas"
"Serpocaulon triseriale",1145,"Villamaría","Caldas"
"Serpocaulon triseriale",1147,"Manizales","Caldas"
"Serpocaulon triseriale",1148,"Villamaría","Caldas"
"Serpocaulon triseriale",1149,"Risaralda","Caldas"
"Serpocaulon triseriale",1150,"Belén de los Andaquies","Caquetá"
"Serpocaulon triseriale",1151,"Belén de los Andaquies","Caquetá"
"Serpocaulon triseriale",1152,"Solano","Caquetá"
"Serpocaulon triseriale",1153,"Solano","Caquetá"
"Serpocaulon triseriale",1154,"Solano","Caquetá"
"Serpocaulon triseriale",1155,"Solano","Caquetá"
"Serpocaulon triseriale",1156,"Solano","Caquetá"
"Serpocaulon triseriale",1157,"Solano","Caquetá"
"Serpocaulon triseriale",1159,"Solano","Caquetá"
"Serpocaulon triseriale",1160,"Rosas","Cauca"
"Serpocaulon triseriale",1161,"Guapí","Cauca"
"Serpocaulon triseriale",1162,"Popayán","Cauca"
"Serpocaulon triseriale",1163,"Popayán","Cauca"
"Serpocaulon triseriale",1164,"Popayán","Cauca"
"Serpocaulon triseriale",1165,"El Tambo","Cauca"
"Serpocaulon triseriale",1166,"Bolívar","Cauca"
"Serpocaulon triseriale",1167,"Bajo Baudó","Chocó"
"Serpocaulon triseriale",1169,"Quibdó","Chocó"
"Serpocaulon triseriale",1170,"Buenaventura","Valle del Cauca"
"Serpocaulon triseriale",1171,"Medio San Juan","Chocó"
"Serpocaulon triseriale",1172,"Atrato","Chocó"
"Serpocaulon triseriale",1174,"Bahía Solano","Chocó"
"Serpocaulon triseriale",1175,"Nuquí","Chocó"
"Serpocaulon triseriale",1176,"Unión Panamericana","Chocó"
"Serpocaulon triseriale",1177,"San José del Palmar","Chocó"
"Serpocaulon triseriale",1178,"Gachetá","Cundinamarca"
"Serpocaulon triseriale",1179,"Tibacuy","Cundinamarca"
"Serpocaulon triseriale",1180,"Yacopí","Cundinamarca"
"Serpocaulon triseriale",1181,"Albán","Cundinamarca"
"Serpocaulon triseriale",1182,"Puerto Colombia","Guainía"
"Serpocaulon triseriale",1183,"Puerto Colombia","Guainía"
"Serpocaulon triseriale",1184,"San José del Guaviare","Guaviare"
"Serpocaulon triseriale",1185,"Pitalito","Huila"
"Serpocaulon triseriale",1186,"Pitalito","Huila"
"Serpocaulon triseriale",1188,"Colombia","Huila"
"Serpocaulon triseriale",1189,"Neiva","Huila"
"Serpocaulon triseriale",1190,"Pitalito","Huila"
"Serpocaulon triseriale",1191,"Pitalito","Huila"
"Serpocaulon triseriale",1192,"Ciénaga","Magdalena"
"Serpocaulon triseriale",1193,"Vista Hermosa","Meta"
"Serpocaulon triseriale",1194,"San Martín","Meta"
"Serpocaulon triseriale",1195,"La Macarena","Meta"
"Serpocaulon triseriale",1196,"La Macarena","Meta"
"Serpocaulon triseriale",1197,"Villavicencio","Meta"
"Serpocaulon triseriale",1198,"Villavicencio","Meta"
"Serpocaulon triseriale",1199,"Cumaral","Meta"
"Serpocaulon triseriale",1200,"Piamonte","Cauca"
"Serpocaulon triseriale",1201,"San Miguel de Mocoa","Putumayo"
"Serpocaulon triseriale",1202,"San Miguel de Mocoa","Putumayo"
"Serpocaulon triseriale",1203,"La Tebaida","Quindío"
"Serpocaulon triseriale",1204,"La Tebaida","Quindío"
"Serpocaulon triseriale",1205,"Filandia","Quindío"
"Serpocaulon triseriale",1206,"Circasia","Quindío"
"Serpocaulon triseriale",1207,"Calarcá","Quindío"
"Serpocaulon triseriale",1208,"Filandia","Quindío"
"Serpocaulon triseriale",1209,"Filandia","Quindío"
"Serpocaulon triseriale",1210,"Filandia","Quindío"
"Serpocaulon triseriale",1211,"Filandia","Quindío"
"Serpocaulon triseriale",1212,"Montenegro","Quindío"
"Serpocaulon triseriale",1213,"Circasia","Quindío"
"Serpocaulon triseriale",1214,"Pereira","Risaralda"
"Serpocaulon triseriale",1215,"Charalá","Santander"
"Serpocaulon triseriale",1216,"Villarrica","Tolima"
"Serpocaulon triseriale",1217,"Ibagué","Tolima"
"Serpocaulon triseriale",1218,"Buenaventura","Valle del Cauca"
"Serpocaulon triseriale",1219,"Buenaventura","Valle del Cauca"
"Serpocaulon triseriale",1220,NA,NA
"Serpocaulon triseriale",1221,"Buenaventura","Valle del Cauca"
"Serpocaulon triseriale",1222,"Alcalá","Valle del Cauca"
"Serpocaulon triseriale",1223,"Calima","Valle del Cauca"
"Serpocaulon triseriale",1224,"Santiago de Cali","Valle del Cauca"
"Serpocaulon triseriale",1225,"Buenaventura","Valle del Cauca"
"Serpocaulon triseriale",1226,"Buenaventura","Valle del Cauca"
"Serpocaulon triseriale",1227,"La Cumbre","Valle del Cauca"
"Serpocaulon triseriale",1228,"Santiago de Cali","Valle del Cauca"
"Serpocaulon triseriale",1229,"Buenaventura","Valle del Cauca"
"Serpocaulon triseriale",1230,"Pacoa","Vaupés"
"Serpocaulon triseriale",1231,"Pacoa","Vaupés"
"Serpocaulon triseriale",1233,"Santa Rosalía","Vichada"
"Serpocaulon wagneri",1235,"Cáceres","Antioquia"
"Serpocaulon wagneri",1236,"Mutatá","Antioquia"
"Serpocaulon wagneri",1237,"Ubalá","Cundinamarca"
"Serpocaulon wagneri",1238,"Ubalá","Cundinamarca"
"Serpocaulon wagneri",1239,"Ocaña","Norte de Santander"
"Serpocaulon concolorum",NA,"Florencia","Caquetá"
"Serpocaulon concolorum",NA,"Florencia","Caquetá"
"Serpocaulon antioquianum",NA,"Samaná","Caldas"
"Serpocaulon attenuatum",NA,"San José del Guaviare","Guaviare"
"Serpocaulon attenuatum",NA,"La Macarena","Meta"
"Serpocaulon attenuatum",NA,"San José del Guaviare","Guaviare"
"Serpocaulon attenuatum",NA,"Puerto López","Meta"
"Serpocaulon articulatum",NA,"Florencia","Caquetá"
"Serpocaulon loriceum",NA,"Mallama","Nariño"
"Serpocaulon wagneri",NA,"Unguía","Chocó"
"Serpocaulon wagneri",NA,"San Pablo","Bolívar"
"Serpocaulon richardii",NA,"Florián","Santander"
